id,evidence_grounding,alt_explanations,conclusion_strength,bias_control,critique_integration,overall_svs
CEN25LA067,60,55,50,45,50,53.2
CEN25LA063,90,50,80,60,70,73.0
WPR25FA062,20,10,50,80,15,34.0
WPR25LA058,60,45,70,80,50,61.5
ERA25LA059,85,40,70,65,50,65.8
CEN25LA041,85,70,80,75,65,77.2
ERA25LA046,60,30,20,70,20,41.5
CEN25LA038,100,10,80,100,85,75.5
CEN25LA084,100,75,50,60,50,71.5
ERA25LA044,50,70,40,60,60,54.0
WPR25LA034,20,40,10,60,30,28.5
ERA25LA040,45,80,50,45,75,56.2
CEN25FA034,20,50,40,80,50,43.0
ERA25LA027,80,60,50,40,60,60.5
CEN25LA031,,,,,,0.0
CEN25FA019,100,100,100,100,100,100.0
ERA25LA034,85,60,75,70,65,73.2
CEN25LA013,85,50,85,60,75,73.2
WPR25LA010,,,,,,0.0
WPR25LA006,95,60,85,90,80,83.2
ERA25FA005,10,20,10,80,15,23.0
CEN25LA003,20,10,30,40,20,23.5
CEN24LA377,70,60,50,60,70,61.5
WPR24LA319,30,20,70,80,50,47.5
CEN24LA368,80,75,70,60,65,72.0
ERA24LA393,85,50,80,90,80,77.0
ERA24LA387,85,50,80,90,70,76.0
WPR24LA307,20,10,10,80,10,23.5
CEN24LA358,100,80,90,100,80,91.5
ANC24FA089,85,70,80,75,80,78.8
CEN24LA343,40,15,40,90,50,43.5
WPR24LA299,90,30,80,85,60,71.8
CEN24FA325,80,50,80,90,85,76.0
ERA24LA399,50,20,40,80,20,43.0
ANC24LA077,85,40,90,95,80,78.2
ANC24LA079,85,70,75,90,80,79.8
CEN24LA303,80,60,90,85,70,78.2
WPR24LA265,10,20,15,80,10,23.8
CEN24FA287,80,0,80,90,0,57.5
ERA24LA327,60,30,50,70,60,53.0
ERA24FA326,10,20,10,85,15,23.8
ENG24LA028,100,100,100,100,100,100.0
WPR24LA262,,,,,,0.0
CEN24LA275,70,50,40,80,60,59.0
CEN24LA276,85,60,70,80,75,74.5
ERA24LA314,85,70,80,75,75,78.2
WPR24LA251,60,40,30,50,40,45.0
CEN24LA271,90,70,65,80,60,75.2
WPR24LA243,10,20,60,50,20,31.5
WPR24LA241,10,20,15,90,5,24.8
WPR24LA247,80,40,50,70,60,61.0
ANC24FA063,80,70,75,60,65,72.2
WPR24LA239,95,70,85,90,80,85.2
CEN24LA259,100,10,90,85,80,75.2
CEN24FA248,80,10,70,90,50,62.0
CEN24LA252,80,60,50,70,55,64.5
CEN24LA249,20,10,80,60,20,39.0
ERA24LA287,100,0,80,90,70,70.5
WPR24FA200,20,20,30,60,30,29.5
ERA24LA267,80,70,80,85,75,78.2
ERA24LA263,85,60,85,70,65,75.8
WPR24LA183,,,,,,0.0
WPR24LA173,85,30,80,85,70,71.2
ERA24LA236,95,80,85,85,80,86.5
ERA24LA242,60,30,70,80,50,58.5
ERA24LA244,80,70,75,60,65,72.2
CEN24LA205,80,70,85,90,75,80.2
ANC24LA039,70,80,60,65,75,69.2
WPR24LA161,95,80,90,85,80,87.8
ERA24LA215,85,60,50,60,55,64.5
WPR24LA139,80,70,85,90,80,80.8
WPR24LA138,80,60,70,90,85,75.5
ERA24LA205,10,10,20,80,15,23.5
ERA24LA203,85,70,80,75,70,77.8
CEN24FA167,,,,,,0.0
WPR24FA132,20,10,15,80,10,24.8
WPR24LA134,100,80,90,100,70,90.5
ERA24LA172,85,50,80,60,75,72.0
ERA24LA171,,,,,,0.0
ERA24LA166,20,15,50,70,40,36.0
CEN24LA143,85,75,80,90,85,82.5
CEN24LA172,20,60,10,50,30,31.0
ERA24LA148,80,75,85,90,80,81.8
CEN24LA137,10,20,30,80,15,28.0
CEN24LA135,30,70,20,80,70,47.0
CEN24LA128,100,0,95,100,90,77.8
CEN24LA129,100,80,85,90,80,88.8
ANC24LA017,95,20,80,100,90,76.5
WPR24LA093,90,60,80,85,70,78.8
ANC24LA016,80,50,70,60,50,65.5
WPR24LA090,85,40,80,70,60,70.0
ANC24LA013,100,80,100,100,100,96.0
CEN24MA111,90,70,85,80,75,81.8
CEN24LA112,80,50,70,85,40,68.2
ERA24LA118,85,60,75,70,60,72.8
ANC24LA012,70,60,55,80,65,65.2
CEN24LA097,100,80,85,90,85,89.2
CEN24FA094,80,50,60,90,80,70.5
CEN24LA088,60,50,70,55,50,58.8
ERA24LA079,80,60,70,85,75,73.8
ERA24LA076,50,40,50,80,60,53.5
ERA24FA075,85,60,80,90,70,78.0
ANC24LA009,85,50,75,80,70,73.2
WPR24LA067,20,10,30,80,15,29.0
ERA24FA069,100,100,100,100,100,100.0
ERA24LA083,80,60,70,85,75,73.8
OPS24LA011,10,20,15,80,10,23.8
WPR24LA092,85,30,70,80,85,69.5
CEN24FA049,10,20,15,10,10,13.2
CEN24LA053,80,70,80,90,75,79.0
WPR24LA041,95,60,80,85,70,80.2
ERA24LA042,,,,,,0.0
ERA24LA045,50,40,50,70,40,50.0
WPR24LA036,70,60,60,50,70,62.5
CEN24LA070,90,20,85,90,80,73.8
WPR24LA028,85,60,80,70,65,74.5
WPR24LA030,20,50,30,60,20,34.5
ERA24LA028,85,30,80,85,70,71.2
CEN24LA027,70,65,50,80,60,64.5
CEN24LA017,75,60,65,85,50,68.5
WPR24LA008,70,50,80,90,85,73.0
ERA24FA003,70,40,30,80,40,52.5
CEN24LA006,40,70,60,65,50,55.8
CEN24LA005,95,65,60,85,60,75.2
WPR24LA009,20,10,80,90,15,43.0
CEN24LA004,90,50,80,90,70,77.5
ENG23LA045,70,35,80,85,60,66.8
ANC23LA085,70,80,60,80,75,71.5
ERA23LA369,85,50,80,70,60,72.0
WPR23LA338,85,50,85,70,80,75.2
WPR23LA339,90,30,85,95,20,70.5
CEN23LA404,70,50,80,75,60,68.2
ANC23LA071,85,70,60,80,65,73.0
ERA23FA357,60,50,40,60,50,52.0
CEN23LA389,80,60,70,80,80,73.5
ERA23FA352,10,20,50,100,10,35.5
CEN23LA383,100,20,100,90,70,79.5
CEN23LA385,95,70,85,90,80,85.2
ERA23LA350,85,60,70,80,75,74.5
CEN23LA386,80,85,70,90,75,79.5
ERA23LA332,85,40,70,80,50,68.0
WPR23LA313,100,30,80,70,70,73.5
CEN23LA358,80,60,70,65,60,69.2
WPR23FA302,20,10,30,40,20,23.5
CEN23LA350,85,50,80,90,75,76.5
WPR23LA306,95,40,85,90,70,78.2
ERA23LA326,60,50,40,60,55,52.5
ERA23LA319,90,20,80,85,80,71.8
CEN23LA341,80,50,40,70,50,59.5
CEN23FA340,40,70,50,80,50,55.5
WPR23LA297,30,20,40,70,50,38.5
CEN23LA342,90,30,85,80,75,73.8
CEN23FA333,85,50,80,70,60,72.0
ERA23FA317,85,90,80,95,85,86.2
CEN23LA328,85,40,80,70,60,70.0
CEN23LA326,100,80,80,100,85,89.5
ERA23LA309,85,80,70,85,80,79.8
ERA23LA307,80,60,70,65,60,69.2
ANC23FA056,85,50,75,80,70,73.2
WPR23LA278,80,50,60,80,70,68.0
CEN23LA306,70,60,80,60,65,68.5
CEN23LA308,85,30,70,60,50,63.0
CEN23LA295,85,40,80,85,70,73.2
CEN23LA301,85,40,75,60,50,66.2
ERA23LA293,85,50,80,90,40,73.0
WPR23LA263,60,50,30,90,50,54.0
WPR23LA265,60,90,80,85,85,77.2
CEN23LA279,80,85,70,90,80,80.0
CEN23LA280,80,30,85,70,80,69.8
ERA23LA287,80,70,60,80,70,72.0
ERA23LA284,80,60,30,20,70,53.5
ERA23LA289,100,0,90,90,85,74.5
ERA23LA295,95,20,80,85,70,72.2
CEN23LA247,70,50,30,80,50,55.5
CEN23LA245,90,70,60,80,50,73.0
CEN23LA237,100,20,85,90,80,76.8
ERA23LA269,95,65,80,85,70,81.2
WPR23LA214,95,20,90,95,85,77.8
CEN23LA219,30,50,40,60,30,41.0
WPR23LA200,90,60,85,85,80,81.0
CEN23LA199,40,20,30,90,40,41.0
ANC23LA038,40,20,15,80,85,40.2
WPR23LA191,80,50,40,85,70,63.8
CEN23FA183,85,50,70,80,65,71.5
ERA23LA228,,,,,,0.0
ERA23LA233,20,60,50,40,50,41.5
ANC23LA032,95,90,85,95,90,91.0
CEN23LA178,85,60,80,90,70,78.0
WPR23LA170,70,80,60,70,50,67.5
ERA23LA205,80,50,70,90,60,71.0
CEN23LA150,85,70,80,75,70,77.8
WPR23LA147,60,40,60,80,20,55.0
ERA23LA183,95,40,85,80,70,76.8
ERA23FA175,90,50,85,70,60,74.8
WPR23LA145,85,60,70,80,75,74.5
ERA23LA172,85,50,80,90,85,77.5
CEN23LA147,90,40,70,80,50,69.5
CEN23FA142,100,50,80,80,50,77.0
ANC23FA031,80,50,70,85,65,70.8
ERA23LA157,70,50,40,80,80,61.0
CEN23LA130,80,70,60,80,70,72.0
ERA23LA147,30,20,40,70,50,38.5
ERA23LA146,85,70,80,90,75,80.5
CEN23FA125,90,30,70,85,20,65.2
ANC23LA024,80,40,70,65,50,64.2
WPR23LA118,100,20,80,85,70,73.8
WPR23LA107,80,30,60,70,50,60.5
WPR23LA105,85,50,80,90,60,75.0
WPR23LA097,100,0,90,100,100,77.5
CEN23LA086,60,35,20,70,60,46.5
CEN23FA071,50,80,40,60,50,55.0
WPR23LA078,70,80,60,85,75,72.2
WPR23LA085,60,70,40,80,50,59.0
CEN23LA064,80,60,70,85,75,73.8
WPR23LA066,,,,,,0.0
WPR23LA068,85,60,70,65,75,72.2
ERA23LA084,80,60,70,85,75,73.8
WPR23LA063,95,60,80,85,75,80.8
WPR23LA061,70,40,50,80,40,57.5
WPR23LA059,60,40,70,80,50,60.5
ERA23LA073,100,50,90,100,60,83.5
ERA23LA072,60,65,60,85,70,65.8
CEN23LA048,70,60,75,80,50,68.8
WPR23LA045,70,60,65,70,65,66.2
ERA23FA070,90,60,80,90,70,79.5
CEN23LA053,10,80,20,50,70,38.5
WPR23LA041,85,70,65,80,75,75.2
WPR23LA043,90,70,85,80,70,81.2
CEN23LA025,90,85,90,95,80,88.8
ERA23LA044,80,50,60,70,65,66.0
CEN23FA019,90,30,85,80,70,73.2
ERA23LA021,20,10,15,80,25,26.2
ERA23LA011,100,50,80,70,60,76.5
WPR23LA009,30,50,40,80,60,47.0
WPR23LA004,90,20,85,90,20,67.8
WPR23LA006,85,70,50,80,75,71.5
WPR22LA363,90,40,85,80,60,74.2
ERA22LA431,20,10,25,35,15,21.0
WPR22LA359,,,,,,0.0
CEN22LA430,95,50,80,85,90,80.2
WPR22LA340,80,50,60,85,50,66.8
WPR22LA339,60,65,60,85,70,65.8
WPR22LA333,100,85,90,95,90,92.8
ERA22FA397,,,,,,0.0
WPR22LA330,90,60,70,85,65,75.8
CEN22LA404,80,85,90,90,80,85.0
CEN22LA402,,,,,,0.0
ERA22LA390,60,55,60,50,60,57.5
WPR22LA329,60,80,50,90,70,67.0
ERA22FA383,80,55,60,85,70,69.8
CEN22LA400,80,30,80,70,60,66.5
CEN22LA387,100,75,80,90,70,85.5
WPR22LA305,85,20,60,80,75,64.0
WPR22LA299,85,50,70,90,60,72.5
CEN22LA366,70,20,60,80,50,57.0
WPR22LA291,40,60,30,70,40,46.0
ERA22LA357,100,80,85,90,85,89.2
CEN22LA351,,,,,,0.0
CEN22LA350,85,60,70,85,70,74.8
ERA22FA343,95,20,90,80,50,72.0
CEN22LA345,100,10,80,85,70,71.8
ERA22LA341,90,80,90,95,100,89.8
ERA22LA340,85,50,80,90,80,77.0
ERA22LA334,80,35,75,85,50,67.5
WPR22LA267,85,70,80,90,75,80.5
CEN22LA333,90,55,70,75,80,74.8
CEN22FA331,100,40,80,90,90,80.5
ERA22LA330,85,70,80,75,65,77.2
CEN22LA328,90,30,80,85,20,67.8
ERA22LA347,100,20,80,90,70,74.5
CEN22LA326,95,30,80,85,65,73.8
CEN22LA323,40,70,20,60,50,45.0
WPR22LA261,,,,,,0.0
ERA22LA328,40,60,30,50,20,41.0
CEN22FA317,70,80,75,60,70,71.8
CEN22LA318,100,20,80,70,60,70.5
WPR22LA245,80,60,70,65,60,69.2
CEN22LA305,60,40,70,50,30,54.0
CEN22LA294,95,40,85,90,20,73.2
ERA22LA342,,,,,,0.0
ANC22FA047,60,50,40,80,50,55.0
CEN22FA288,80,30,60,70,40,59.5
WPR22LA236,100,50,85,90,80,82.8
ERA22LA290,85,90,85,80,80,84.8
ERA22FA279,80,50,80,80,75,73.5
CEN22LA258,80,70,60,65,70,69.8
WPR22LA220,20,30,10,40,20,22.5
ERA22LA337,50,70,30,60,60,51.5
CEN22LA304,85,70,80,60,75,76.0
WPR22LA221,70,60,80,85,70,72.8
ERA22LA269,85,60,70,80,70,74.0
ANC22FA041,30,70,20,80,40,44.0
ERA22FA262,,,,,,0.0
CEN22LA234,80,40,60,70,50,62.5
ERA22FA257,85,60,75,70,80,74.8
WPR22LA205,85,80,70,85,75,79.2
CEN22LA219,80,30,70,85,60,66.2
ERA22LA256,85,70,90,90,75,83.0
ERA22LA236,20,15,10,50,30,22.0
ERA22LA231,85,60,80,75,70,75.8
WPR22LA182,30,80,20,70,85,49.0
ERA22LA229,90,50,85,80,75,77.8
WPR22LA174,100,85,90,80,85,90.0
WPR22LA168,85,70,80,75,65,77.2
ERA22LA209,100,60,80,70,60,78.5
ERA22FA207,70,50,60,70,60,62.5
ERA22LA206,95,10,85,90,80,73.2
ERA22LA192,95,80,60,85,75,79.8
WPR22LA154,50,50,30,80,50,49.5
WPR22LA157,45,40,50,55,35,45.8
ANC22FA030,80,70,60,85,75,73.2
ERA22LA188,85,70,80,75,65,77.2
WPR22LA146,100,0,90,95,85,75.2
CEN22LA167,85,60,50,60,70,66.0
ERA22LA180,85,50,80,70,80,74.0
WPR22LA140,,,,,,0.0
ERA22LA168,80,65,60,85,70,71.8
CEN22LA158,100,75,80,90,60,84.5
CEN22FA151,,,,,,0.0
WPR22LA132,80,60,80,70,75,74.0
WPR22LA125,85,70,80,90,65,79.5
ERA22FA160,,,,,,0.0
CEN22LA146,90,80,85,90,80,85.8
ANC22LA023,70,60,50,80,50,62.5
CEN22LA147,40,50,90,80,70,63.5
ERA22LA145,100,30,90,95,80,80.8
ERA22LA140,85,60,80,75,70,75.8
ANC22FA018,85,50,80,70,60,72.0
WPR22FA101,90,50,85,90,80,79.8
ERA22LA131,95,65,80,85,70,81.2
ERA22LA135,90,20,85,80,60,70.2
WPR22FA098,80,50,70,60,65,67.0
CEN22LA122,95,80,90,85,85,88.2
WPR22LA096,90,80,85,80,75,83.8
ERA22LA117,100,80,70,85,60,82.2
ERA22LA118,85,70,80,70,75,77.5
WPR22LA084,100,90,80,100,80,91.0
ANC22LA014,90,70,85,90,80,83.8
CEN22FA100,80,70,75,85,80,77.5
ERA22LA106,80,60,80,90,70,76.5
ERA22FA105,100,90,80,85,90,89.8
ERA22FA098,80,50,70,60,40,64.5
CEN22FA086,85,45,85,80,60,73.8
ERA22FA096,100,50,90,100,60,83.5
ANC22LA015,80,40,60,50,30,57.5
WPR22LA078,100,20,90,90,85,78.5
CEN22LA078,85,70,90,80,85,82.5
CEN22FA073,85,60,80,75,70,75.8
CEN22LA077,95,60,85,80,70,80.8
ERA22LA091,80,75,50,85,80,72.2
CEN22LA068,95,10,90,85,80,73.8
WPR22LA059,70,50,60,85,65,65.2
CEN22LA063,85,40,70,80,75,70.5
WPR22FA053,85,50,80,90,70,76.0
CEN22FA053,90,80,85,90,80,85.8
WPR22LA045,100,20,80,80,0,66.0
CEN22LA057,80,60,50,55,50,61.8
ERA22LA069,85,70,85,90,80,82.2
CEN22LA041,80,70,60,75,65,70.8
WPR22LA034,70,60,50,70,60,62.0
CEN22LA033,60,70,80,70,75,70.0
CEN22LA034,80,20,70,85,75,65.8
WPR22LA032,100,50,80,85,60,78.8
ERA22LA039,85,50,75,80,60,72.2
WPR22LA031,100,50,80,90,80,81.5
WPR22LA018,70,60,65,80,65,67.8
ERA22FA010,85,60,85,80,70,77.8
ANC22LA001,85,60,80,90,75,78.5
ERA22LA007,85,40,70,75,65,68.8
CEN22LA009,85,90,85,80,90,85.8
CEN22LA006,95,40,85,80,65,76.2
WPR22FA001,90,20,85,90,80,73.8
WPR21LA359,80,50,70,60,65,67.0
ERA21LA390,85,50,80,70,60,72.0
ERA21LA386,85,60,80,70,75,75.5
ERA21LA387,100,80,75,100,90,88.8
CEN21LA456,20,15,30,80,10,29.5
WPR21LA354,40,20,30,90,50,42.0
ERA21LA368,85,60,75,80,65,74.8
ERA21FA362,90,40,85,80,70,75.2
CEN21LA421,40,70,50,60,40,51.5
CEN21LA431,95,10,90,100,85,76.5
CEN21FA410,85,70,60,80,75,74.0
ERA21LA357,85,60,70,80,70,74.0
WPR21LA338,85,60,70,60,75,71.5
ANC21LA083,70,40,50,60,50,55.5
ANC21LA080,60,80,50,70,70,64.0
ANC21LA079,70,60,50,70,60,62.0
WPR21LA341,80,30,70,80,50,64.5
CEN21LA389,100,50,80,60,50,74.0
WPR21LA333,85,70,65,80,75,75.2
ERA21LA339,100,0,100,90,70,75.5
CEN21LA378,80,40,70,65,55,64.8
CEN21LA385,80,70,60,65,70,69.8
ERA21LA335,70,50,40,80,60,59.0
ERA21LA332,100,50,80,85,70,79.8
WPR21LA320,85,70,80,75,75,78.2
CEN21LA369,85,80,60,70,75,74.5
ERA21FA317,0,20,10,15,40,12.8
CEN21LA356,100,20,80,90,80,75.5
CEN21LA350,70,50,80,75,60,68.2
WPR21FA300,60,50,20,70,60,49.5
CEN21LA349,80,60,70,55,50,66.8
ERA21LA309,80,50,60,80,80,69.0
CEN21LA348,85,70,80,90,75,80.5
WPR21LA293,,,,,,0.0
CEN21LA339,85,70,80,75,70,77.8
CEN21LA452,80,30,80,85,70,69.8
ERA21LA295,95,20,85,90,80,75.2
CEN21FA330,100,60,80,80,60,80.0
ERA21LA292,75,60,65,85,50,68.5
CEN21LA432,60,65,60,85,50,63.8
WPR21LA268,85,65,80,70,75,76.5
ERA21LA275,60,50,40,60,50,52.0
WPR21LA252,75,60,70,50,65,66.0
ERA21LA272,95,50,85,90,80,81.2
ERA21LA270,100,20,80,90,20,69.5
ERA21LA269,50,70,40,60,50,53.0
ERA21LA264,85,50,80,60,75,72.0
ERA21LA262,90,20,85,95,80,74.5
WPR21LA236,85,70,60,80,70,73.5
ERA21LA252,95,80,90,85,80,87.8
CEN21LA284,100,10,80,90,20,67.5
CEN21LA253,80,90,85,90,70,83.8
ERA21FA233,85,80,85,90,80,84.2
CEN21LA225,95,50,80,85,40,75.2
CEN21LA216,85,70,80,75,80,78.8
CEN21LA212,80,50,40,85,50,61.8
ANC21LA038,90,20,85,90,80,73.8
WPR21LA185,40,60,30,80,50,48.5
WPR21LA183,50,40,30,50,40,42.0
ERA21FA200,95,30,85,90,70,76.2
ERA21FA195,85,65,80,70,75,76.5
ERA21LA191,85,60,80,75,70,75.8
CEN21LA187,95,30,85,80,80,75.8
CEN21LA184,70,50,60,40,50,57.0
ERA21LA171,85,40,85,70,80,73.2
WPR21FA143,85,60,80,80,70,76.5
CEN21LA169,85,70,80,80,75,79.0
CEN21LA173,85,50,80,70,60,72.0
CEN21LA165,90,50,85,70,60,74.8
WPR21LA133,80,60,70,85,75,73.8
WPR21LA130,80,60,70,85,65,72.8
CEN21LA154,85,40,75,70,75,70.2
ANC21LA020,80,70,60,85,75,73.2
CEN21LA155,90,35,80,70,60,70.5
CEN21LA139,85,40,50,80,40,62.0
CEN21LA153,95,60,85,80,70,80.8
CEN21LA135,80,40,70,85,60,68.2
ERA21FA130,90,50,80,70,60,73.5
CEN21LA128,70,60,50,70,50,61.0
WPR21LA109,85,40,80,70,65,70.5
WPR21LA107,,,,,,0.0
ERA21LA126,80,70,50,85,65,69.8
ERA21LA121,80,70,75,85,80,77.5
ERA21LA117,85,60,70,65,80,72.8
CEN21LA116,90,30,85,80,70,73.2
WPR21LA093,85,70,85,90,80,82.2
WPR21LA086,65,70,50,80,60,64.0
CEN21LA124,80,10,70,60,20,54.5
WPR21LA084,80,20,70,60,65,61.0
CEN21LA109,80,30,50,60,40,55.5
WPR21LA077,,,,,,0.0
CEN21LA102,80,65,70,85,60,73.2
CEN21LA095,40,50,30,80,50,46.5
CEN21LA084,40,30,60,70,50,48.5
CEN21LA077,70,60,80,85,70,72.8
ERA21LA046,80,50,70,60,60,66.5
ERA21LA043,70,60,80,50,65,67.0
ERA21LA040,85,40,85,90,50,73.2
CEN21LA081,80,70,75,85,80,77.5
WPR21LA039,70,50,60,75,65,63.8
ANC21LA003,10,20,70,80,10,37.5
WPR21LA027,85,60,80,75,70,75.8
ERA21LA028,90,50,85,80,70,77.2
CEN21LA021,60,20,70,80,40,55.5
ERA21LA024,85,55,80,70,60,73.0
ERA21LA023,85,50,60,70,60,67.0
WPR21LA021,95,60,85,70,80,80.2
ERA21LA016,80,60,70,80,70,72.5
WPR20LA323,100,80,80,100,85,89.5
CEN20LA400,40,85,50,70,75,59.5
CEN20CA395,70,60,80,85,75,73.2
ERA20CA319,60,40,30,70,35,47.5
WPR20LA331,85,80,85,90,85,84.8
ANC20LA089,,,,,,0.0
ERA20LA310,85,70,65,75,60,73.0
ANC20LA083,60,70,50,65,60,60.2
WPR20LA283,80,50,70,60,50,65.5
WPR20CA284,85,60,80,75,70,75.8
WPR20LA280,40,30,40,80,30,43.0
CEN20LA330,90,40,85,90,80,77.8
CEN20LA328,95,80,70,90,85,84.0
CEN20CA326,85,70,80,90,75,80.5
CEN20CA334,80,40,70,80,50,66.5
ERA20LA273,90,20,80,90,20,66.5
WPR20LA247,85,30,75,90,80,71.8
CEN20CA316,70,55,60,50,65,61.0
CEN20CA313,80,70,30,85,75,65.8
ERA20CA260,60,50,60,80,70,62.0
CEN20LA304,20,50,50,80,70,47.5
WPR20LA235,,,,,,0.0
CEN20CA300,100,20,100,100,20,76.0
WPR20LA228,100,80,85,90,90,89.8
WPR20LA224,80,50,70,60,75,68.0
ANC20CA070,80,30,40,70,20,52.5
CEN20LA273,85,20,80,90,25,65.5
ANC20CA068,,,,,,0.0
CEN20LA282,100,20,80,95,15,69.8
WPR20LA211,85,40,70,80,60,69.0
CEN20LA264,85,70,80,75,80,78.8
CEN20LA261,50,80,40,60,50,55.0
CEN20LA286,85,70,80,90,75,80.5
WPR20CA197,85,70,75,85,70,78.0
ERA20LA229,80,40,70,60,50,63.5
WPR20LA191,70,60,40,80,70,62.0
WPR20LA190,85,70,85,90,80,82.2
WPR20LA189,85,70,60,80,65,73.0
CEN20CA240,90,60,85,80,75,79.8
ERA20LA220,70,40,60,80,60,62.0
CEN20CA230,95,40,80,85,70,76.2
ERA20LA216,85,70,65,80,60,73.8
WPR20CA171,80,60,30,75,70,61.8
WPR20LA163,75,40,80,85,70,70.2
WPR20CA162,85,70,80,60,75,76.0
ERA20LA197,85,70,90,85,70,81.8
CEN20LA187,85,70,80,85,75,79.8
CEN20CA180,85,70,80,90,85,81.5
ERA20CA184,80,20,40,60,20,49.0
ENG20LA031,98,35,90,85,70,78.7
CEN20LA167,80,70,85,90,80,80.8
ERA20LA160,85,70,60,80,75,74.0
WPR20LA130,100,70,75,80,85,83.2
WPR20CA140,100,50,80,100,50,80.0
ERA20CA181,85,40,80,70,60,70.0
WPR20LA119,,,,,,0.0
CEN20CA144,80,40,60,70,50,62.5
CEN20LA136,95,70,85,90,85,85.8
ERA20CA135,85,50,80,60,55,70.0
CEN20LA442,85,70,60,65,75,71.8
ANC20LA028,100,20,90,90,85,78.5
CEN20LA113,85,70,75,80,60,76.2
CEN20FA098,95,80,85,90,85,87.8
ANC20CA023,85,40,75,60,55,66.8
WPR20CA092,,,,,,0.0
ERA20CA106,70,50,40,80,70,60.0
CEN20CA090,60,50,40,70,50,53.5
ERA20CA104,85,40,80,90,75,74.5
CEN20CA085,70,60,65,70,50,64.8
DCA20IA081,70,50,60,65,55,61.2
CEN20LA073,100,100,100,100,100,100.0
DCA20MA059,85,70,75,60,65,73.8
CEN20LA066,85,40,70,65,75,68.2
CEN20LA068,80,70,80,85,75,78.2
CEN20CA064,,,,,,0.0
ERA20FA074,50,70,30,80,60,54.5
ERA20LA071,85,70,80,90,75,80.5
WPR20CA059,85,40,90,95,70,77.2
CEN20LA051,80,70,60,85,75,73.2
ANC20MA010,60,45,40,50,55,50.0
ERA20FA056,100,98,100,95,100,98.8
CEN20LA037,80,75,70,85,80,77.2
ERA20LA054,85,50,80,70,60,72.0
WPR20TA039,100,75,60,85,70,79.8
CEN20FA035,95,80,90,85,85,88.2
DCA20IA034,70,80,50,60,70,65.5
ENG20IA005,85,70,80,75,85,79.2
WPR20LA029,40,20,30,50,40,35.0
GAA20CA063,85,70,85,75,80,80.0
GAA20CA062,85,70,80,90,75,80.5
GAA20CA060,50,60,20,70,50,47.5
ERA20LA037,80,20,70,85,75,65.8
GAA20CA052,85,40,85,70,80,73.2
WPR20FA016,100,80,90,95,100,92.8
WPR20FA013,40,60,30,80,50,48.5
CEN20FA012,85,40,70,60,55,65.5
GAA20CA034,,,,,,0.0
GAA20CA035,85,50,80,60,75,72.0
ERA20FA012,,,,,,0.0
WPR20LA007,85,70,85,90,75,81.8
ERA20LA004,60,20,70,85,55,57.8
GAA20CA002,80,70,65,85,75,74.5
ERA19LA285,75,55,70,80,65,69.5
ERA19LA287,85,80,70,60,75,75.5
GAA19CA567,85,50,80,70,65,72.5
ERA19LA273,100,80,90,100,80,91.5
CEN19LA318,70,50,60,80,50,63.0
WPR19LA255,90,70,80,85,75,81.2
CEN19LA309,85,50,70,80,60,71.0
GAA19CA531,,,,,,0.0
WPR19LA249,100,80,90,100,90,92.5
WPR19TA245,70,50,60,40,50,57.0
GAA19CA519,,,,,,0.0
GAA19CA514,85,75,70,80,85,78.5
GAA19CA509,80,40,70,65,60,65.2
CEN19TA280,85,40,80,70,60,70.0
CEN19FA276,85,45,80,70,75,72.5
CEN19LA269,40,60,30,50,50,44.0
ERA19LA245,95,40,85,80,70,76.8
CEN19LA250,80,50,70,85,80,72.2
GAA19CA481,80,20,70,60,30,57.5
GAA19CA473,80,60,70,60,65,69.0
WPR19LA205,100,50,70,60,40,70.5
CEN19LA240,100,10,90,95,90,77.8
GAA19CA457,20,10,20,40,15,20.5
GAA19CA463,85,60,80,75,70,75.8
CEN19LA230,50,40,20,70,50,43.5
GAA19CA428,85,70,65,90,75,76.8
WPR19FA188,85,60,80,90,75,78.5
WPR19LA194,95,50,85,70,80,78.2
CEN19LA245,80,60,70,80,75,73.0
ERA19TA213,80,60,70,60,50,67.5
CEN19LA207,20,30,50,40,20,32.5
CEN19LA193,100,70,90,100,80,89.5
ERA19TA204,40,30,60,40,50,44.0
CEN19LA187,85,70,60,80,65,73.0
CEN19FA185,85,40,80,75,70,71.8
GAA19CA403,95,10,90,85,70,72.8
ERA19LA206,,,,,,0.0
CEN19TA178,60,40,70,80,60,61.5
CEN19LA174,100,50,80,70,50,75.5
WPR19FA175,85,70,80,85,80,80.2
GAA19CA405,85,40,70,80,60,69.0
GAA19CA347,85,50,80,70,60,72.0
ERA19FA191,100,50,90,85,70,82.2
GAA19CA345,60,80,50,70,75,64.5
GAA19CA476,,,,,,0.0
CEN19LA162,60,70,40,50,60,55.5
GAA19CA344,100,50,85,90,70,81.8
CEN19FA160,50,20,40,80,30,44.0
WPR19LA168,70,60,50,65,55,60.8
GAA19CA284,95,60,85,70,80,80.2
GAA19CA279,85,70,85,90,80,82.2
GAA19CA278,95,40,85,80,80,77.8
WPR19FA148,85,70,80,75,80,78.8
CEN19LA146,85,90,70,95,85,83.8
ERA19LA173,50,20,40,60,30,41.0
ERA19LA171,85,50,60,70,60,67.0
GAA19CA250,90,70,80,85,75,81.2
ERA19FA163,85,60,80,90,80,79.0
WPR19LA135,10,70,20,15,10,25.2
WPR19TA131,100,10,90,85,70,74.2
GAA19CA238,40,70,50,60,80,55.5
WPR19FA123,85,60,70,75,65,72.8
GAA19CA233,60,70,80,85,60,70.8
GAA19CA226,90,40,75,80,85,74.2
WPR19LA122,95,20,80,90,20,68.0
CEN19LA123,40,80,70,90,85,67.5
GAA19CA216,60,80,50,70,60,63.0
WPR19LA111,85,40,85,80,75,74.2
CEN19LA121,100,80,90,100,80,91.5
WPR19FA109,85,70,75,80,85,78.8
ERA19LA152,80,60,70,85,75,73.8
ERA19TA153,95,20,85,90,80,75.2
GAA19CA209,60,50,70,80,60,63.5
ERA19CA147,85,50,85,70,55,72.8
ERA19LA144,95,40,85,90,80,79.2
ERA19FA142,100,0,100,100,100,80.0
GAA19CA195,70,75,60,80,65,69.5
GAA19CA252,70,50,40,80,60,59.0
ERA19LA145,80,70,60,80,70,72.0
GAA19CA186,85,40,85,80,70,73.8
CEN19FA109,85,30,80,70,60,68.0
CEN19LA106,100,100,90,100,100,97.5
WPR19LA097,95,30,90,85,25,72.2
GAA19CA168,70,50,20,80,70,55.0
ERA19LA126,85,70,80,90,75,80.5
CEN19FA095,100,50,80,70,80,78.5
WPR19FA091,100,50,80,85,70,79.8
ERA19FA118,100,25,90,90,80,79.0
CEN19LA092,85,40,70,80,60,69.0
ERA19TA110,80,70,75,60,65,72.2
WPR19LA087,100,100,90,100,100,97.5
GAA19CA141,70,50,60,80,50,63.0
GAA19CA139,95,70,85,80,75,83.2
GAA19CA121,80,70,60,80,60,71.0
CEN19FA072,75,85,80,90,80,81.0
WPR19LA071,100,50,90,80,70,81.5
WPR19TA061,70,65,50,60,70,62.5
CEN19LA067,100,100,100,100,100,100.0
CEN19LA068,85,40,70,85,60,69.8
CEN19LA065,95,40,80,85,90,78.2
GAA19CA110,80,70,80,85,85,79.2
GAA19CA124,70,50,60,80,50,63.0
WPR19CA052,30,80,10,50,50,40.0
CEN19TA075,90,70,60,85,75,76.2
GAA19CA103,80,70,60,90,65,73.0
GAA19CA063,70,50,60,40,50,57.0
ERA19FA047,70,60,65,80,75,68.8
GAA19CA056,70,50,75,60,50,63.8
GAA19CA066,90,70,80,85,75,81.2
CEN19FA024,95,80,85,90,85,87.8
CEN19FA020,80,70,60,65,75,70.2
WPR19LA019,70,60,50,85,40,62.2
ERA19FA035,90,60,85,90,70,80.8
CEN19FA018,70,80,65,60,75,69.8
CEN19LA016,70,60,55,65,60,62.5
GAA19CA039,70,50,60,80,50,63.0
WPR19LA028,90,70,80,85,75,81.2
WPR19LA013,,,,,,0.0
CEN19FA009,100,70,85,80,75,84.8
ERA19TA005,60,70,50,80,65,63.0
WPR19LA002,95,10,80,90,85,72.5
ERA18LA269,90,70,85,80,75,81.8
GAA18CA571,85,40,85,80,70,73.8
CEN18FA391,60,50,80,70,60,64.5
ERA18LA271,80,70,50,80,70,69.5
GAA18CA573,80,60,50,20,40,55.5
WPR18LA269,80,50,75,85,70,72.5
WPR18LA265,100,70,80,100,80,87.0
WPR18FA260,85,40,80,70,75,71.5
GAA18CA543,,,,,,0.0
GAA18CA539,85,80,70,70,85,78.0
WPR18LA252,95,10,80,85,70,70.2
CEN18LA365,70,50,60,55,50,59.2
GAA18CA534,60,70,50,80,55,62.0
WPR18LA242,85,60,90,95,70,81.2
GAA18CA508,60,55,50,85,55,59.8
GAA18CA506,,,,,,0.0
WPR18FA232,85,60,80,90,85,79.5
WPR18TA239,85,70,60,85,70,74.2
GAA18CA512,80,60,70,85,70,73.2
WPR18LA226,70,80,40,80,70,66.0
CEN18LA334,,,,,,0.0
GAA18CA483,70,50,50,80,60,61.5
WPR18LA221,85,25,80,90,80,72.0
WPR18LA214,,,,,,0.0
CEN18LA313,70,50,60,40,60,58.0
CEN18LA314,70,80,50,90,85,71.5
CEN18LA306,,,,,,0.0
ANC18LA058,100,20,100,80,85,79.5
GAA18CA450,,,,,,0.0
GAA18CA453,,,,,,0.0
CEN18LA300,95,40,85,90,75,78.8
ANC18CA056,20,50,10,15,40,24.8
WPR18LA206,60,50,40,70,50,53.5
CEN18LA290,85,40,70,50,40,62.5
GAA18CA424,70,60,50,85,40,62.2
CEN18LA269,80,50,80,90,60,73.5
ERA18LA192,60,50,45,70,55,55.2
GAA18CA408,50,30,20,80,40,42.0
GAA18CA430,90,10,85,80,70,69.2
ERA18FA187,80,75,80,85,70,78.8
CEN18FA259,85,70,80,85,90,81.2
CEN18FA258,50,70,30,80,40,52.5
CEN18LA260,,,,,,0.0
WPR18FA188,100,20,80,90,70,74.5
CEN18LA251,85,70,80,90,85,81.5
CEN18LA247,70,85,60,70,75,71.0
ERA18LA183,,,,,,0.0
CEN18FA244,85,40,70,90,80,72.5
CEN18CA240,80,50,70,85,60,70.2
CEN18LA239,85,70,55,85,75,73.5
ERA18LA170,80,40,70,50,50,62.0
GAA18CA366,80,60,70,85,65,72.8
GAA18CA352,80,60,10,80,30,53.5
CEN18CA294,20,10,30,80,20,29.5
GAA18CA378,30,80,60,40,70,53.0
WPR18LA170,85,70,80,90,80,81.0
CEN18FA215,80,40,70,50,60,63.0
ERA18LA161,95,80,90,90,75,88.0
WPR18LA164,40,0,20,40,20,25.0
WPR18LA152,80,40,70,90,60,69.0
WPR18LA147,100,50,90,80,80,82.5
CEN18FA182,85,60,80,90,70,78.0
CEN18LA183,70,60,50,80,50,62.5
GAA18CA289,,,,,,0.0
WPR18LA140,30,10,20,80,20,30.0
CEN18LA167,80,40,20,50,30,47.5
CEN18LA158,10,80,20,20,30,30.0
ERA18LA140,95,60,85,80,70,80.8
GAA18CA250,35,70,50,60,60,52.0
WPR18LA130,80,60,20,85,20,55.8
WPR18LA133,80,50,70,75,60,68.8
GAA18CA249,80,50,70,90,40,69.0
CEN18FA149,80,50,70,60,50,65.5
ERA18LA135,90,30,70,80,50,67.5
ANC18LA032,40,70,80,85,85,67.2
GAA18CA247,85,60,80,95,75,79.2
GAA18CA210,,,,,,0.0
ERA18FA122,85,40,75,70,60,68.8
GAA18CA229,50,40,30,70,50,46.0
GAA18CA168,90,70,60,80,65,74.5
ERA18MA099,85,60,80,90,70,78.0
GAA18CA159,80,60,70,80,75,73.0
CEN18LA121,100,70,80,85,75,84.2
CEN18LA115,85,60,70,75,70,73.2
WPR18CA096,85,40,80,70,75,71.5
GAA18CA147,85,70,80,90,75,80.5
GAA18CA140,85,20,80,70,60,66.0
GAA18CA138,70,60,50,80,50,62.5
GAA18LA131,70,60,55,75,65,64.5
CEN18LA106,95,70,80,85,85,83.8
GAA18CA129,100,20,80,90,60,73.5
GAA18CA127,80,70,80,85,85,79.2
WPR18MA087,70,60,55,80,65,65.2
GAA18CA117,80,40,70,60,50,63.5
WPR18FA077,100,60,80,90,70,82.5
ERA18LA075,85,60,70,65,60,70.8
ERA18TA076,95,80,90,85,85,88.2
ERA18IA078,80,70,40,80,60,66.0
GAA18CA113,85,50,85,70,80,75.2
WPR18FA074,80,70,30,85,70,65.2
CEN18LA087,85,60,80,70,75,75.5
ERA18LA068,,,,,,0.0
GAA18CA110,100,80,90,95,100,92.8
ERA18LA082,100,20,95,85,80,78.5
CEN18FA078,85,30,85,70,40,67.2
CEN18FA074,85,60,85,90,70,79.2
GAA18CA107,80,40,50,60,30,56.5
ERA18LA091,100,80,90,95,85,91.2
CEN18LA069,90,10,80,85,90,70.8
CEN18CA072,95,10,10,80,15,46.5
WPR18LA050,70,50,40,80,70,60.0
ERA18LA053,85,70,80,85,75,79.8
GAA18CA089,95,10,85,90,20,67.2
GAA18CA070,80,60,70,85,75,73.8
GAA18CA072,80,70,75,85,70,76.5
WPR18LA041,70,60,50,80,50,62.5
GAA18CA066,85,30,85,90,60,72.2
GAA18CA060,70,60,80,85,70,72.8
CEN18FA035,80,60,70,50,75,68.5
CEN18FA033,60,50,80,70,50,63.5
WPR18LA031,85,70,75,85,70,78.0
ERA18LA020,85,70,60,75,80,73.8
CEN18LA026,,,,,,0.0
WPR18LA029,60,55,50,40,45,52.0
CEN18LA025,70,20,75,60,70,59.8
GAA18CA034,85,70,80,90,75,80.5
CEN18LA020,70,45,50,85,60,61.2
WPR18FA016,85,70,85,90,80,82.2
WPR18LA010,20,40,20,80,10,32.0
WPR18LA004,75,60,80,90,70,75.0
GAA18CA012,95,70,85,90,80,85.2
GAA18CA030,20,40,20,80,10,32.0
CEN18FA001,60,20,40,70,30,45.5
GAA17CA562,80,60,70,85,75,73.8
ERA17LA335,95,80,90,85,80,87.8
GAA17CA551,60,55,50,70,75,59.5
ERA17LA332,95,50,90,85,80,81.8
DCA17IA202,95,40,85,80,70,76.8
GAA17CA555,20,60,30,80,40,41.5
WPR17LA211,80,65,90,85,70,79.2
WPR17LA206,80,60,70,60,65,69.0
CEN17LA365,90,20,80,90,70,71.5
CEN17FA355,95,50,85,90,70,80.2
CEN17LA375,90,40,85,70,60,72.8
ERA17FA317,85,70,80,85,80,80.2
ERA17MA316,95,60,85,90,85,83.8
CEN17LA336,85,70,85,90,75,81.8
ANC17LA051,85,70,80,75,80,78.8
ERA17LA305,75,85,60,70,65,71.5
GAA17CA514,95,70,85,90,75,84.8
WPR17LA188,95,10,80,90,85,72.5
GAA17CA509,70,60,50,70,60,62.0
WPR17IA198,100,20,90,90,85,78.5
GAA17CA495,100,70,85,90,75,86.2
ERA17LA285,100,50,85,90,70,81.8
GAA17CA491,85,70,85,90,80,82.2
ERA17FA274,85,40,75,80,60,70.2
CEN17LA314,50,70,80,90,60,68.5
ANC17CA041,85,70,80,85,75,79.8
ANC17LA040,90,60,85,80,70,79.2
ERA17LA263,100,80,100,100,100,96.0
GAA17CA450,85,50,70,80,75,72.5
CEN17LA290,70,50,75,80,60,67.8
WPR17LA167,40,60,30,70,65,48.5
WPR17LA168,85,70,80,90,70,80.0
GAA17CA436,,,,,,0.0
ERA17LA257,95,85,90,85,80,88.8
WPR17LA159,80,40,70,80,60,67.5
GAA17CA434,60,70,50,60,65,60.0
CEN17CA346,60,70,50,60,50,58.5
WPR17LA158,85,70,60,50,65,68.5
ERA17LA256,65,20,50,70,40,50.5
GAA17CA404,30,25,20,85,35,35.2
GAA17CA406,70,50,60,80,50,63.0
CEN17LA267,40,60,20,50,20,38.5
GAA17CA398,85,70,75,80,60,76.2
GAA17CA401,70,60,75,65,70,68.5
GAA17CA390,70,60,80,85,70,72.8
WPR17LA143,80,70,85,90,80,80.8
GAA17CA393,100,70,90,80,80,86.5
CEN17LA264,80,70,70,85,70,75.2
GAA17CA383,90,10,85,90,80,71.8
WPR17LA140,80,50,70,65,60,67.2
CEN17FA252,85,30,80,70,75,69.5
GAA17CA402,85,40,80,70,60,70.0
GAA17CA376,70,50,65,60,70,63.2
WPR17LA133,85,40,70,80,60,69.0
GAA17CA369,75,40,70,60,50,62.0
ANC17CA044,80,40,60,85,50,64.8
ERA17LA209,70,50,60,40,55,57.5
GAA17CA356,80,40,70,85,50,67.2
GAA17CA355,80,60,70,85,75,73.8
CEN17LA232,90,20,85,80,85,72.8
CEN17LA229,100,40,70,80,60,73.5
CEN17LA219,70,50,60,80,50,63.0
CEN17LA210,10,40,20,30,20,22.5
CEN17FA209,95,40,85,70,60,74.2
WPR17LA113,98,10,90,85,85,75.2
GAA17CA344,60,80,70,85,75,71.8
ERA17FA190,90,40,85,80,85,76.8
ANC17LA025,70,30,60,80,50,59.0
GAA17CA296,80,50,70,80,50,68.5
ERA17CA187,50,70,30,60,40,49.5
CEN17LA192,100,80,90,85,80,89.2
GAA17CA279,95,20,85,90,80,75.2
GAA17CA265,85,70,60,80,75,74.0
WPR17LA097,85,40,85,90,50,73.2
ERA17TA170,50,80,50,70,60,60.0
CEN17LA174,85,70,80,85,75,79.8
GAA17CA251,80,70,60,80,75,72.5
ERA17LA168,85,50,70,60,55,67.5
WPR17LA093,80,50,60,80,50,66.0
ERA17FA164,,,,,,0.0
ERA17LA163,85,80,70,90,75,80.0
GAA17CA237,85,50,80,90,75,76.5
GAA17CA218,85,50,70,80,75,72.5
CEN17FA127,80,50,70,60,55,66.0
GAA17CA146,80,40,70,60,50,63.5
WPR17LA071,95,20,85,90,85,75.8
CEN17FA112,80,60,70,90,80,75.0
GAA17CA167,50,40,30,80,70,49.5
ERA17LA116,95,20,85,90,85,75.8
WPR17LA075,85,40,90,70,85,75.0
GAA17CA178,100,80,90,100,90,92.5
ERA17LA126,60,50,30,70,50,51.0
GAA17CA165,85,70,85,90,80,82.2
WPR17LA068,85,60,70,65,60,70.8
CEN17FA103,85,40,70,75,60,68.2
GAA17CA151,85,70,80,60,70,75.5
CEN17LA113,85,70,80,60,65,75.0
GAA17CA135,85,40,70,90,80,72.5
ERA17LA103,95,20,85,90,15,68.8
CEN17FA100,90,40,85,70,50,71.8
ERA17CA101,85,70,85,90,80,82.2
ERA17CA099,80,40,70,65,60,65.2
GAA17CA132,70,60,50,55,50,58.8
GAA17CA130,90,40,80,70,60,71.5
CEN17IA094,85,70,85,90,75,81.8
CEN17LA188,95,80,85,90,85,87.8
GAA17CA112,,,,,,0.0
WPR17FA047,85,55,80,70,75,74.5
WPR17LA043,85,50,80,90,70,76.0
ANC17LA013,100,50,90,85,85,83.8
GAA17CA095,50,80,10,70,50,49.0
CEN17LA055,70,60,65,80,75,68.8
WPR17LA034,100,60,80,90,70,82.5
ANC17LA011,85,40,80,70,60,70.0
WPR17FA021,85,45,80,75,80,73.8
ERA17LA046,85,50,80,70,60,72.0
GAA17CA070,85,40,70,90,80,72.5
WPR17LA019,70,60,50,80,75,65.0
ERA17LA032,80,60,70,85,75,73.8
WPR17LA014,90,30,85,80,70,73.2
CEN17LA099,70,30,60,80,50,59.0
ERA17CA056,90,50,85,70,50,73.8
WPR17LA009,95,80,85,90,85,87.8
CEN17FA012,80,15,70,85,65,63.8
WPR17LA002,90,70,75,80,85,80.2
WPR17LA005,75,60,85,90,70,76.2
CEN16CA393,40,20,50,80,30,43.5
CEN16LA386,50,70,30,80,60,54.5
ERA16LA330,70,80,60,85,75,72.2
ERA16LA326,70,50,60,70,50,61.5
CEN16FA372,85,40,80,70,60,70.0
GAA16CA488,85,30,70,60,40,62.0
WPR16LA188,80,50,80,90,85,76.0
GAA16CA480,85,70,85,90,80,82.2
ERA16FA311,75,50,70,60,50,64.0
WPR16LA175,70,50,60,80,50,63.0
ERA16CA313,85,60,80,70,75,75.5
ERA16LA301,85,40,70,60,55,65.5
WPR16LA168,80,60,70,80,75,73.0
GAA16CA450,85,70,80,90,75,80.5
CEN16LA330,,,,,,0.0
GAA16CA439,30,20,10,25,15,20.8
WPR16LA165,70,60,50,80,70,64.5
CEN16FA315,50,70,30,60,50,50.5
CEN16CA321,80,50,50,70,50,62.0
ANC16CA051,80,70,80,85,75,78.2
CEN16FA304,30,20,50,70,40,40.0
WPR16LA156,70,60,65,80,70,68.2
CEN16LA294,95,70,80,90,85,84.5
GAA16CA408,85,60,70,65,75,72.2
CEN16LA303,95,40,80,70,60,73.0
GAA16CA405,95,20,90,80,75,74.5
CEN16LA284,65,80,50,70,60,64.5
CEN16LA289,,,,,,0.0
WPR16LA142,30,80,20,50,40,41.5
ERA16LA261,85,60,70,75,50,71.2
ERA16LA253,85,55,80,70,60,73.0
ERA16FA248,85,30,70,80,60,67.0
GAA16CA372,80,70,60,85,70,72.8
DCA16FA199,95,80,90,85,80,87.8
WPR16LA134,80,60,70,80,75,73.0
GAA16CA363,80,60,70,80,60,71.5
WPR16LA132,85,40,70,50,40,62.5
CEN16IA238,100,50,90,100,80,85.5
WPR16FA130,80,60,70,85,75,73.8
GAA16CA339,70,80,20,50,60,55.5
GAA16CA328,80,50,70,85,80,72.2
GAA16LA325,50,40,60,70,50,53.5
ERA16LA216,85,60,80,70,75,75.5
WPR16LA125,95,40,85,90,70,78.2
GAA16CA318,85,50,80,70,75,73.5
CEN16FA215,85,50,90,80,75,77.5
CEN16LA213,80,40,70,85,60,68.2
GAA16CA293,85,80,70,90,75,80.0
GAA16CA290,85,50,70,65,60,68.8
GAA16CA297,85,50,80,70,60,72.0
GAA16CA296,85,25,80,70,75,68.5
ERA16LA202,95,20,80,90,85,74.5
GAA16CA279,80,50,70,60,50,65.5
GAA16CA283,80,30,75,80,40,64.8
GAA16CA258,85,70,80,85,75,79.8
CEN16LA182,95,80,90,85,85,88.2
ANC16FA023,85,70,80,75,80,78.8
WPR16LA104,90,70,80,85,80,81.8
ANC16LA022,70,60,65,55,70,64.5
CEN16FA171,100,10,80,90,85,74.0
GAA16CA213,100,10,100,80,70,76.0
WPR16LA099,95,80,90,85,85,88.2
ERA16LA265,100,70,80,85,75,84.2
CEN16LA168,100,85,90,95,90,92.8
GAA16CA201,80,70,75,85,65,76.0
CEN16LA161,100,80,90,85,85,89.8
ERA16LA167,75,60,70,80,60,70.0
CEN16LA156,100,70,90,100,80,89.5
ERA16CA160,85,55,70,80,65,72.5
ERA16LA159,70,40,80,90,60,68.5
GAA16LA182,100,20,95,85,80,78.5
CEN16LA401,90,60,85,80,75,79.8
GAA16CA179,85,40,80,75,60,70.8
ERA16FA144,85,70,85,90,85,82.8
ERA16FA143,50,70,40,80,60,57.0
GAA16CA168,80,70,60,85,70,72.8
GAA16CA163,80,70,75,65,80,74.5
GAA16CA165,85,40,90,70,50,71.5
ERA16FA140,85,60,80,70,75,75.5
CEN16LA135,80,40,70,65,60,65.2
GAA16CA160,90,60,85,95,80,82.5
GAA16CA151,50,20,30,40,30,35.5
GAA16CA143,100,50,90,100,90,86.5
WPR16LA075,80,70,60,85,75,73.2
WPR16FA072,85,70,80,90,75,80.5
WPR16LA069,70,60,85,80,75,73.8
CEN16LA105,95,20,85,80,15,67.2
ERA16LA104,85,65,80,70,75,76.5
WPR16LA081,20,40,20,30,10,24.5
GAA16CA530,,,,,,0.0
GAA16LA117,80,40,70,80,60,67.5
ERA16LA098,80,50,70,75,60,68.8
ERA16LA094,80,70,40,80,50,65.0
WPR16LA057,85,20,15,85,20,48.0
WPR16LA056,25,40,20,30,30,28.0
WPR16FA055,100,50,80,100,100,85.0
ERA16CA102,85,60,90,85,70,79.8
GAA16LA100,80,70,70,75,60,72.8
ANC16IA013,90,30,85,80,70,73.2
CEN16LA084,100,80,90,80,80,88.5
ANC16LA010,85,30,70,90,60,68.5
WPR16FA040,85,60,80,70,75,75.5
WPR16FA037,85,40,80,70,75,71.5
GAA16CA075,40,20,30,60,40,36.5
CEN16LA058,85,50,80,70,60,72.0
ERA16LA055,90,40,75,80,70,72.8
ERA16LA054,85,20,80,90,70,70.0
WPR16LA032,80,50,70,60,80,68.5
GAA16LA056,80,70,70,75,80,74.8
WPR16FA029,85,70,80,75,80,78.8
CEN16LA047,80,60,70,75,70,71.8
CEN16LA040,95,80,70,90,85,84.0
CEN16LA039,85,70,80,75,80,78.8
ERA16CA060,50,80,50,70,60,60.0
GAA16CA045,,,,,,0.0
WPR16LA021,100,20,80,80,20,68.0
CEN16LA027,80,40,70,80,60,67.5
WPR16LA020,85,40,70,80,40,67.0
GAA16CA039,85,40,70,50,45,63.0
ERA16LA030,80,75,70,80,70,75.5
GAA16LA031,70,40,65,50,60,58.8
WPR16LA019,85,70,80,75,70,77.8
GAA16CA055,40,60,20,40,50,40.0
ERA16LA015,85,40,80,60,75,70.0
GAA16CA009,70,75,60,70,65,68.0
GAA16CA006,95,80,70,85,75,82.2
CEN16LA006,85,50,80,70,75,73.5
CEN16LA003,85,70,75,90,65,78.2
ERA15LA376,25,85,20,30,85,42.5
GAA15LA296,85,40,70,60,50,65.0
CEN15LA423,100,0,90,95,90,75.8
GAA15CA280,85,40,60,90,60,68.0
ERA15LA374,85,30,80,70,60,68.0
ERA15CA364,100,70,80,90,80,85.5
ANC15LA073,85,50,80,90,75,76.5
WPR15LA261,85,60,70,75,50,71.2
CEN15LA439,70,80,50,90,70,70.0
CEN15LA412,85,20,80,85,70,69.2
GAA15CA258,85,40,80,60,50,67.5
ERA15LA337,40,30,20,80,30,38.0
CEN15LA387,70,30,40,85,60,55.8
CEN15LA379,85,40,70,75,60,68.2
WPR15LA249,100,50,90,90,80,84.0
CEN15LA375,100,20,95,90,85,79.8
CEN15LA395,,,,,,0.0
CEN15LA396,70,60,65,80,70,68.2
GAA15CA238,85,40,70,80,65,69.5
WPR15LA248,100,30,85,90,80,78.8
GAA15CA233,50,20,70,80,60,54.5
CEN15LA370,30,20,20,25,15,23.2
WPR15LA245,80,50,70,60,60,66.5
GAA15CA230,100,70,90,95,100,90.8
GAA15CA224,85,40,80,70,75,71.5
GAA15CA221,85,60,90,85,75,80.2
CEN15CA348,95,40,85,80,70,76.8
CEN15LA341,80,40,70,60,50,63.5
GAA15LA217,,,,,,0.0
ERA15LA296,70,40,60,80,50,61.0
GAA15CA204,95,40,85,70,80,76.2
ERA15LA291,85,60,80,70,75,75.5
GAA15CA202,85,40,70,75,60,68.2
CEN15LA322,85,70,50,80,75,71.5
ERA15LA280,85,50,70,60,60,68.0
GAA15CA200,60,20,70,80,40,55.5
GAA15CA197,85,70,80,75,80,78.8
WPR15LA219,70,30,60,80,50,59.0
GAA15CA232,90,85,90,95,85,89.2
GAA15CA227,85,70,80,85,75,79.8
GAA15CA181,80,70,75,85,65,76.0
GAA15LA131,85,60,80,70,75,75.5
ERA15CA262,85,40,70,75,60,68.2
CEN15CA312,85,60,70,50,65,69.0
CEN15MA290,85,70,80,75,80,78.8
WPR15FA205,95,75,90,85,80,86.8
GAA15CA196,85,60,70,55,75,70.8
WPR15FA204,85,50,80,90,60,75.0
GAA15CA147,90,30,85,70,60,70.8
CEN15LA288,100,50,90,85,80,83.2
GAA15CA154,70,50,60,50,40,57.5
CEN15LA285,30,70,40,60,50,47.0
WPR15LA193,,,,,,0.0
CEN15CA274,60,55,50,70,65,58.5
GAA15CA122,70,60,50,80,65,64.0
CEN15LA265,85,40,30,75,50,57.2
WPR15LA177,85,50,80,70,60,72.0
WPR15LA178,90,50,85,90,85,80.2
GAA15CA102,40,70,30,85,50,51.2
GAA15CA097,80,60,70,80,65,72.0
WPR15LA168,60,50,60,80,70,62.0
ERA15LA218,95,85,80,90,85,87.5
CEN15LA231,85,20,85,90,80,72.2
WPR15LA159,90,60,85,95,80,82.5
CEN15LA229,40,70,20,60,50,45.0
CEN15LA224,40,10,50,80,20,40.5
GAA15CA061,60,40,55,70,50,55.2
ANC15LA076,40,70,50,80,60,56.5
CEN15FA210,80,85,70,75,65,76.2
CEN15LA198,70,60,40,80,60,61.0
ERA15FA178,85,50,80,70,75,73.5
GAA15CA032,70,60,40,80,70,62.0
ERA15FA173,85,70,85,90,80,82.2
WPR15LA138,60,50,55,55,50,55.0
CEN15LA185,80,70,80,90,85,80.0
ERA15LA179,90,70,60,85,75,76.2
ERA15FA164,100,80,20,100,80,74.0
GAA15CA013,85,20,75,80,70,67.2
ERA15LA155,20,40,20,40,10,26.0
WPR15CA128,100,50,90,85,60,81.2
ANC15LA015,85,50,90,80,70,77.0
CEN15FA171,85,70,75,60,70,74.2
ANC15CA012,50,80,40,60,50,55.0
CEN15FA164,85,70,80,75,80,78.8
GAA15CA002,40,30,20,80,25,37.5
WPR15CA119,80,50,50,70,60,63.0
WPR15LA116,70,50,75,60,55,64.2
CEN15CA155,85,40,80,90,70,74.0
CEN15LA156,95,80,85,90,75,86.8
WPR15LA109,100,10,90,95,80,76.8
ERA15LA138,70,30,60,50,40,53.5
CEN15CA153,,,,,,0.0
ERA15CA127,85,30,75,80,65,68.8
WPR15LA096,85,70,85,90,80,82.2
CEN15LA132,85,60,80,70,75,75.5
CEN15LA131,85,70,80,75,70,77.8
ERA15LA115,,,,,,0.0
CEN15FA126,95,80,85,90,75,86.8
CEN15LA104,85,50,80,90,75,76.5
ERA15FA096,95,60,85,80,70,80.8
ERA15CA089,60,40,20,70,50,46.5
CEN25LA067,80,40,60,70,50,62.5
CEN25LA063,70,45,80,70,60,66.5
WPR25FA062,10,20,10,80,15,23.0
WPR25LA058,85,70,75,80,65,76.8
ERA25LA059,50,20,60,80,40,50.0
CEN25LA041,70,50,60,65,55,61.2
ERA25LA046,70,50,30,85,45,55.8
CEN25LA038,80,60,80,85,70,75.8
CEN25LA084,,,,,,0.0
ERA25LA044,10,20,10,80,10,22.5
WPR25LA034,30,20,40,70,15,35.0
ERA25LA040,,,,,,0.0
CEN25FA034,20,80,30,70,50,45.0
ERA25LA027,90,70,80,75,80,80.2
CEN25LA031,95,45,80,90,70,78.0
CEN25FA019,100,100,100,100,100,100.0
ERA25LA034,40,70,40,60,80,53.0
CEN25LA013,80,40,60,50,50,59.5
WPR25LA010,70,60,70,80,65,69.0
WPR25LA006,85,60,80,90,70,78.0
ERA25FA005,,,,,,0.0
CEN25LA003,5,30,40,80,50,34.5
CEN24LA377,90,60,80,85,70,78.8
WPR24LA319,10,50,20,80,30,33.0
CEN24LA368,80,40,70,50,60,63.0
ERA24LA393,60,80,50,70,50,62.0
ERA24LA387,100,100,100,100,100,100.0
WPR24LA307,20,30,40,50,40,33.5
CEN24LA358,20,10,40,60,20,29.0
ANC24FA089,95,50,85,70,60,76.2
CEN24LA343,85,70,80,90,80,81.0
WPR24LA299,90,20,80,80,20,65.0
CEN24FA325,10,20,15,80,10,23.8
CEN25LA067,80,40,60,70,50,62.5
CEN25LA063,70,45,80,70,60,66.5
WPR25FA062,10,20,10,80,15,23.0
WPR25LA058,85,70,75,80,65,76.8
ERA25LA059,50,20,60,80,40,50.0
CEN25LA041,70,50,60,65,55,61.2
ERA25LA046,70,50,30,85,45,55.8
CEN25LA038,80,60,80,85,70,75.8
CEN25LA084,,,,,,0.0
ERA25LA044,10,20,10,80,10,22.5
WPR25LA034,30,20,40,70,15,35.0
ERA25LA040,,,,,,0.0
CEN25FA034,20,80,30,70,50,45.0
ERA25LA027,90,70,80,75,80,80.2
CEN25LA031,95,45,80,90,70,78.0
CEN25FA019,30,20,10,80,5,28.0
ERA25LA034,70,60,40,50,65,57.0
CEN25LA013,80,40,60,50,50,59.5
WPR25LA010,70,60,70,80,65,69.0
WPR25LA006,85,60,80,90,70,78.0
ERA25FA005,,,,,,0.0
CEN25LA003,5,30,40,80,50,34.5
CEN24LA377,90,60,80,85,70,78.8
WPR24LA319,10,50,20,80,30,33.0
CEN24LA368,80,40,70,50,60,63.0
ERA24LA393,60,80,50,70,50,62.0
ERA24LA387,100,100,100,100,100,100.0
WPR24LA307,20,30,40,50,40,33.5
CEN24LA358,20,10,40,60,20,29.0
ANC24FA089,95,50,85,70,60,76.2
CEN24LA343,85,70,80,90,80,81.0
WPR24LA299,90,20,80,80,20,65.0
CEN24FA325,10,20,15,80,10,23.8
ERA24LA399,80,20,10,90,20,46.0
ANC24LA077,80,50,70,85,60,70.2
ANC24LA079,85,50,80,90,75,76.5
CEN24LA303,0,30,20,10,0,12.5
WPR24LA265,40,60,70,80,70,60.5
CEN24FA287,20,30,10,80,15,28.0
ERA24LA327,60,20,50,90,50,53.0
ERA24FA326,,,,,,0.0
ENG24LA028,10,20,15,80,10,23.8
WPR24LA262,75,50,70,60,50,64.0
CEN24LA275,40,50,30,60,55,44.0
CEN24LA276,95,30,80,85,70,74.2
ERA24LA314,80,70,60,85,75,73.2
WPR24LA251,70,55,75,85,70,70.5
CEN24LA271,70,60,50,80,60,63.5
WPR24LA243,100,100,100,100,100,100.0
WPR24LA241,10,20,15,80,30,25.8
WPR24LA247,20,80,30,40,20,37.5
ANC24FA063,85,70,40,90,80,71.0
WPR24LA239,90,20,85,70,80,70.8
CEN24LA259,85,40,75,60,50,66.2
CEN24FA248,20,30,10,20,15,19.0
CEN24LA252,60,80,50,60,70,62.5
CEN24LA249,20,10,70,80,40,41.5
ERA24LA287,85,30,60,80,70,65.5
WPR24FA200,10,20,10,80,15,23.0
ERA24LA267,85,70,80,90,75,80.5
ERA24LA263,75,40,70,65,50,62.8
WPR24LA183,80,70,50,60,80,67.5
WPR24LA173,70,85,60,90,80,74.5
ERA24LA236,85,70,60,80,75,74.0
ERA24LA242,85,80,50,90,85,76.0
ERA24LA244,20,50,20,80,20,35.0
CEN24LA205,80,60,80,85,70,75.8
ANC24LA039,85,60,75,70,65,73.2
WPR24LA161,100,20,100,100,100,84.0
ERA24LA215,80,70,60,80,70,72.0
WPR24LA139,10,10,30,70,10,24.0
WPR24LA138,80,60,70,85,75,73.8
ERA24LA205,0,0,0,100,0,15.0
ERA24LA203,60,80,50,80,70,65.5
CEN24FA167,70,80,65,85,75,73.5
WPR24FA132,10,20,15,10,10,13.2
WPR24LA134,80,30,20,85,50,52.8
ERA24LA172,70,45,50,80,60,60.5
ERA24LA171,70,60,65,80,50,66.2
ERA24LA166,80,70,60,85,70,72.8
CEN24LA143,60,80,70,85,75,71.8
CEN24LA172,,,,,,0.0
ERA24LA148,0,0,0,100,0,15.0
CEN24LA137,30,20,10,80,40,31.5
CEN24LA135,80,50,70,80,60,69.5
CEN24LA128,,,,,,0.0
CEN24LA129,90,70,75,85,80,80.5
ANC24LA017,100,0,100,100,100,80.0
WPR24LA093,90,40,80,85,70,74.8
ANC24LA016,100,80,90,85,90,90.2
WPR24LA090,80,40,70,50,60,63.0
ANC24LA013,10,50,20,30,25,25.0
CEN24MA111,85,30,80,70,75,69.5
CEN24LA112,85,60,70,55,75,70.8
ERA24LA118,70,80,65,90,75,74.2
ANC24LA012,90,80,85,90,80,85.8
CEN24LA097,60,50,40,80,70,57.0
CEN24FA094,85,60,70,65,70,71.8
CEN24LA088,85,20,50,80,25,56.5
ERA24LA079,80,40,70,60,50,63.5
ERA24LA076,10,20,15,80,10,23.8
ERA24FA075,85,70,80,90,75,80.5
ANC24LA009,85,50,80,70,65,72.5
WPR24LA067,20,10,10,30,10,16.0
ERA24FA069,100,100,100,100,100,100.0
ERA24LA083,100,95,100,100,100,99.0
OPS24LA011,100,100,100,100,100,100.0
WPR24LA092,80,70,60,80,70,72.0
CEN24FA049,20,40,30,80,20,35.5
CEN24LA053,70,50,30,70,80,57.0
WPR24LA041,100,10,95,90,95,78.8
ERA24LA042,,,,,,0.0
ERA24LA045,85,80,40,70,85,70.5
WPR24LA036,,,,,,0.0
CEN24LA070,70,50,80,85,60,69.8
WPR24LA028,95,40,85,100,70,79.8
WPR24LA030,20,15,10,80,10,24.5
ERA24LA028,,,,,,0.0
CEN24LA027,95,80,85,90,80,87.2
CEN24LA017,80,70,65,80,70,73.2
WPR24LA008,100,20,95,100,80,80.8
ERA24FA003,95,70,85,90,80,85.2
CEN24LA006,60,30,50,80,40,52.5
CEN24LA005,20,50,20,80,50,38.0
WPR24LA009,90,80,70,85,80,81.2
CEN24LA004,85,70,80,75,65,77.2
ENG23LA045,90,50,85,80,80,78.2
ANC23LA085,80,50,70,85,60,70.2
ERA23LA369,90,40,85,80,60,74.2
WPR23LA338,85,60,85,90,70,79.2
WPR23LA339,85,60,80,70,75,75.5
